{"ttc": 0.1, "worldEffect": {"rain": 0, "fog": 0, "wetness": 0, "cloudiness": 0, "damage": 0}, "agent0": {"positionX": -62.6882476806641, "positionY": 10.2076644897461, "positionZ": -110.211273193359, "rotationX": 7.85532222380425e-07, "rotationY": 223.832580566406, "rotationZ": 0, "velocityX": -2.07766103744507, "velocityY": -4.11303702207988e-08, "velocityZ": -2.1640989780426, "angularVelocityX": 0, "angularVelocityY": 0, "angularVelocityZ": 0}, "agent1": {"positionX": -55.8016052246094, "positionY": 10.2076644897461, "positionZ": -103.038124084473, "rotationX": 7.85532222380425e-07, "rotationY": 223.832580566406, "rotationZ": 0, "velocityX": 0, "velocityY": 0, "velocityZ": 0, "angularVelocityX": 0, "angularVelocityY": 0, "angularVelocityZ": 0}, "agent2": {"positionX": -50.116813659668, "positionY": 10.2076644897461, "positionZ": -97.116828918457, "rotationX": 7.85532222380425e-07, "rotationY": 223.832580566406, "rotationZ": 0, "velocityX": 0, "velocityY": 0, "velocityZ": 0, "angularVelocityX": 0, "angularVelocityY": 0, "angularVelocityZ": 0}, "agent3": {"positionX": -62.9292831420898, "positionY": 10.2076644897461, "positionZ": -104.435081481934, "rotationX": 7.85860265750671e-07, "rotationY": 223.747314453125, "rotationZ": -2.54444377487161e-14, "velocityX": 0, "velocityY": 0, "velocityZ": 0, "angularVelocityX": 0, "angularVelocityY": 0, "angularVelocityZ": 0}}